{"modelo":"Baseline \u2014 Log. Regression","accuracy":0.8793333333,"precision":0.0217391304,"recall":0.8,"f1":0.0423280423,"auc_roc":0.9470234114}